fecha;resultadok;Lote;Talla
15/10/2022;50.18;2218PC-80024C;36-40
15/10/2022;52.32;2218PC-80025C;31-35
10/10/2022;54.45;2219PC-07194E;70-80
20/10/2022;99.29;2219PC-800210C;36-40
20/10/2022;85.41;2219PC-800212C;36-40
18/10/2022;64.06;2219PC-80024C;61-70
18/10/2022;53.38;2219PC-80025C;91-110
18/10/2022;56.59;2219PC-80026C;36-40
19/10/2022;67.26;2219PC-80027C;36-40
19/10/2022;83.28;2219PC-80028C;31-35
19/10/2022;60.86;2219PC-80029C;36-40
16/10/2022;9.61;2220PC-00491C;36-40
16/10/2022;50.18;2220PC-005510E;50-60
16/10/2022;56.59;2220PC-005510E;50-60
16/10/2022;99.29;2220PC-005510E;50-60
12/10/2022;9.61;2220PC-00551C;41-50
10/10/2022;74.74;2220PC-00551E;70-80
10/10/2022;50.18;2220PC-00551E;60-70
10/10/2022;87.55;2220PC-00552E;70-80
13/10/2022;50.18;2220PC-00554E;60-70
13/10/2022;51.25;2220PC-00555E;40-50
13/10/2022;53.38;2220PC-00555E;60-70
15/10/2022;9.61;2220PC-00556C;41-50
15/10/2022;53.38;2220PC-00557E;50-60
15/10/2022;50.18;2220PC-00557E;50-60
16/10/2022;9.61;2220PC-00558C;41-50
16/10/2022;9.61;2220PC-00559C;61-70
15/10/2022;80.08;2220PC-00762E;60-70
16/10/2022;53.38;2220PC-00764E;50-60
16/10/2022;53.38;2220PC-00764E;40-50
16/10/2022;53.38;2220PC-00764E;50-60
16/10/2022;50.18;2220PC-00764E;50-60
17/10/2022;59.79;2220PC-00765E;40-50
17/10/2022;60.86;2220PC-00765E;40-50
17/10/2022;50.18;2220PC-00765E;40-50
17/10/2022;56.59;2220PC-00765E;40-50
18/10/2022;58.72;2220PC-00951C;61-70
16/10/2022;53.38;2220PC-00951E;60-70
16/10/2022;51.25;2220PC-00951E;60-70
16/10/2022;50.18;2220PC-00951E;70-80
17/10/2022;84.35;2220PC-009610E;80-100
17/10/2022;99.29;2220PC-009610E;70-80
17/10/2022;74.74;2220PC-009611E;80-100
17/10/2022;99.29;2220PC-009611E;70-80
17/10/2022;50.18;2220PC-009612E;50-60
17/10/2022;50.18;2220PC-009612E;50-60
19/10/2022;50.18;2220PC-009613C;36-40
20/10/2022;58.72;2220PC-009614C;61-70
18/10/2022;51.25;2220PC-009614E;50-60
18/10/2022;50.18;2220PC-009614E;50-60
18/10/2022;53.38;2220PC-009614E;50-60
18/10/2022;50.18;2220PC-009614E;50-60
18/10/2022;50.18;2220PC-009614E;50-60
18/10/2022;50.18;2220PC-009614E;50-60
20/10/2022;53.38;2220PC-009615E;80-100
20/10/2022;50.18;2220PC-009615E;70-80
20/10/2022;53.38;2220PC-009616E;100-120
20/10/2022;64.06;2220PC-009616E;80-100
12/10/2022;50.18;2220PC-00961C;61-70
10/10/2022;52.32;2220PC-00961E;80-100
10/10/2022;74.74;2220PC-00961E;70-80
12/10/2022;99.29;2220PC-00962C;61-70
10/10/2022;50.18;2220PC-00962E;70-80
11/10/2022;55.52;2220PC-00963E;60-70
11/10/2022;50.18;2220PC-00966E;60-70
14/10/2022;99.29;2220PC-00967C;51-60
15/10/2022;99.29;2220PC-00968C;51-60
13/10/2022;50.18;2220PC-00968E;70-80
16/10/2022;69.4;2220PC-00969E;80-100
14/10/2022;50.18;2220PC-01011E;70-80
14/10/2022;58.72;2220PC-01011E;60-70
14/10/2022;64.06;2220PC-01011E;50-60
14/10/2022;50.18;2220PC-01012E;40-50
14/10/2022;50.18;2220PC-01012E;50-60
14/10/2022;51.25;2220PC-01012E;40-50
15/10/2022;99.29;2220PC-01013E;70-80
15/10/2022;89.68;2220PC-01013E;60-70
18/10/2022;58.72;2220PC-01015C;36-40
16/10/2022;54.45;2220PC-01015E;60-70
10/10/2022;64.06;2220PC-01271E;50-60
10/10/2022;93.95;2220PC-01271E;50-60
13/10/2022;64.06;2220PC-01273E;60-70
14/10/2022;50.18;2220PC-01274E;40-50
14/10/2022;99.29;2220PC-01274E;50-60
22/10/2022;74.74;2220PC-01275C;61-70
20/10/2022;50.18;2220PC-01275E;100-120
20/10/2022;55.52;2220PC-01275E;80-100
20/10/2022;53.38;2220PC-01275E;80-100
16/10/2022;50.18;2220PC-015610E;70-80
16/10/2022;50.18;2220PC-015611E;60-70
16/10/2022;59.79;2220PC-015612E;60-70
16/10/2022;50.18;2220PC-015612E;60-70
20/10/2022;64.06;2220PC-015613C;61-70
20/10/2022;64.06;2220PC-015614E;70-80
20/10/2022;53.38;2220PC-015614E;70-80
20/10/2022;50.18;2220PC-015614E;70-80
20/10/2022;50.18;2220PC-015614E;70-80
10/10/2022;64.06;2220PC-01561E;50-60
10/10/2022;50.18;2220PC-01561E;60-70
10/10/2022;53.38;2220PC-01561E;50-60
10/10/2022;52.32;2220PC-01562E;50-60
10/10/2022;53.38;2220PC-01562E;60-70
10/10/2022;50.18;2220PC-01562E;60-70
10/10/2022;50.18;2220PC-01562E;50-60
15/10/2022;74.74;2220PC-01563C;51-60
11/10/2022;50.18;2220PC-01563E;60-70
11/10/2022;51.25;2220PC-01564E;50-60
11/10/2022;50.18;2220PC-01564E;40-50
12/10/2022;50.18;2220PC-01565E;50-60
12/10/2022;51.25;2220PC-01565E;50-60
12/10/2022;50.18;2220PC-01565E;50-60
13/10/2022;50.18;2220PC-01566E;60-70
14/10/2022;53.38;2220PC-01567E;70-80
15/10/2022;85.41;2220PC-01568E;70-80
15/10/2022;50.18;2220PC-01568E;70-80
15/10/2022;64.06;2220PC-01568E;70-80
15/10/2022;50.18;2220PC-01569E;70-80
11/10/2022;50.18;2220PC-01631E;50-60
11/10/2022;50.18;2220PC-01631E;70-80
10/10/2022;53.38;2220PC-01631E;60-70
12/10/2022;50.18;2220PC-01632E;50-60
15/10/2022;57.65;2220PC-01633C;51-60
15/10/2022;64.06;2220PC-01633C;51-60
12/10/2022;50.18;2220PC-01633E;60-70
13/10/2022;85.41;2220PC-01633E;70-80
13/10/2022;51.25;2220PC-01634E;60-70
14/10/2022;50.18;2220PC-01634E;70-80
13/10/2022;52.32;2220PC-01634E;60-70
14/10/2022;50.18;2220PC-01635E;60-70
18/10/2022;72.6;2220PC-01636C;61-70
17/10/2022;50.18;2220PC-01636E;60-70
17/10/2022;53.38;2220PC-01636E;70-80
18/10/2022;50.18;2220PC-01638E;70-80
18/10/2022;53.38;2220PC-01638E;80-100
19/10/2022;53.38;2220PC-01639E;50-60
19/10/2022;64.06;2220PC-01639E;50-60
19/10/2022;51.25;2220PC-01639E;50-60
19/10/2022;96.09;2220PC-01639E;50-60
16/10/2022;53.38;2220PC-01731E;80-100
20/10/2022;64.06;2220PC-01732C;51-60
14/10/2022;74.74;2220PC-02011C;51-60
12/10/2022;74.74;2220PC-02011E;60-70
13/10/2022;41.64;2220PC-02012E;60-70
13/10/2022;57.65;2220PC-02012E;60-70
13/10/2022;50.18;2220PC-02012E;60-70
13/10/2022;85.41;2220PC-02012E;70-80
13/10/2022;53.38;2220PC-02013E;50-60
13/10/2022;50.18;2220PC-02013E;60-70
13/10/2022;51.25;2220PC-02131E;60-70
13/10/2022;51.25;2220PC-02131E;60-70
13/10/2022;50.18;2220PC-02131E;60-70
19/10/2022;9.61;2220PC-02132C;61-70
21/10/2022;59.79;2220PC-02134C;61-70
20/10/2022;50.18;2220PC-02134E;70-80
21/10/2022;64.06;2220PC-02135C;51-60
21/10/2022;9.61;2220PC-02136C;61-70
21/10/2022;10.68;2220PC-02137C;XSBKN
09/10/2022;96.09;2220PC-02171E;50-60
12/10/2022;85.41;2220PC-02172C;61-70
11/10/2022;50.18;2220PC-02172E;80-100
11/10/2022;85.41;2220PC-02173E;100-120
11/10/2022;50.18;2220PC-02174E;50-60
11/10/2022;71.53;2220PC-02174E;40-50
11/10/2022;99.29;2220PC-02174E;50-60
12/10/2022;99.29;2220PC-02175E;80-100
11/10/2022;99.29;2220PC-02175E;70-80
11/10/2022;64.06;2220PC-02176E;50-60
14/10/2022;53.38;2220PC-02177E;60-70
14/10/2022;50.18;2220PC-02177E;60-70
14/10/2022;53.38;2220PC-02177E;60-70
14/10/2022;50.18;2220PC-02177E;60-70
21/10/2022;74.74;2220PC-02353C;61-70
20/10/2022;50.18;2220PC-023810E;70-80
20/10/2022;50.18;2220PC-023810E;70-80
14/10/2022;99.29;2220PC-02381E;60-70
14/10/2022;53.38;2220PC-02382E;70-80
19/10/2022;50.18;2220PC-02383E;70-80
19/10/2022;50.18;2220PC-02383E;60-70
19/10/2022;50.18;2220PC-02384E;60-70
19/10/2022;50.18;2220PC-02384E;60-70
19/10/2022;65.13;2220PC-02384E;60-70
19/10/2022;93.95;2220PC-02384E;60-70
19/10/2022;64.06;2220PC-02385C;61-70
20/10/2022;50.18;2220PC-02386E;70-80
20/10/2022;38.44;2220PC-02389C;61-70
20/10/2022;42.71;2220PC-02389C;61-70
19/10/2022;50.18;2220PC-02531C;61-70
17/10/2022;50.18;2220PC-02531E;60-70
17/10/2022;96.09;2220PC-02531E;80-100
17/10/2022;53.38;2220PC-02531E;80-100
17/10/2022;50.18;2220PC-02531E;70-80
17/10/2022;50.18;2220PC-02531E;70-80
20/10/2022;74.74;2220PC-02532E;80-100
21/10/2022;50.18;2220PC-02533E;60-70
11/10/2022;99.29;2220PC-03251C;61-70
10/10/2022;53.38;2220PC-03251E;50-60
10/10/2022;50.18;2220PC-03251E;60-70
10/10/2022;51.25;2220PC-03251E;60-70
13/10/2022;53.38;2220PC-03252E;60-70
14/10/2022;90.75;2220PC-03253E;80-100
19/10/2022;50.18;2220PC-03255E;100-120
19/10/2022;74.74;2220PC-03255E;100-120
12/10/2022;50.18;2220PC-03282E;50-60
12/10/2022;52.32;2220PC-03284E;60-70
12/10/2022;50.18;2220PC-03284E;60-70
13/10/2022;53.38;2220PC-03285E;70-80
13/10/2022;50.18;2220PC-03285E;70-80
13/10/2022;50.18;2220PC-03287E;80-100
14/10/2022;50.18;2220PC-03288E;50-60
21/10/2022;55.52;2220PC-03289C;61-70
12/10/2022;52.32;2220PC-034110E;60-70
12/10/2022;50.18;2220PC-034110E;60-70
12/10/2022;55.52;2220PC-034110E;60-70
12/10/2022;50.18;2220PC-034111E;60-70
12/10/2022;50.18;2220PC-034111E;50-60
12/10/2022;51.25;2220PC-034111E;50-60
12/10/2022;52.32;2220PC-034112E;50-60
12/10/2022;50.18;2220PC-034112E;40-50
12/10/2022;42.71;2220PC-034112E;50-60
12/10/2022;50.18;2220PC-034112E;40-50
13/10/2022;53.38;2220PC-034113E;50-60
13/10/2022;50.18;2220PC-034113E;50-60
13/10/2022;50.18;2220PC-034114E;50-60
14/10/2022;50.18;2220PC-034114E;50-60
14/10/2022;58.72;2220PC-034115E;60-70
13/10/2022;50.18;2220PC-034115E;50-60
13/10/2022;74.74;2220PC-034115E;60-70
14/10/2022;99.29;2220PC-034117E;70-80
15/10/2022;73.67;2220PC-034117E;70-80
15/10/2022;80.08;2220PC-034117E;60-70
15/10/2022;50.18;2220PC-034118E;50-60
14/10/2022;85.41;2220PC-034118E;50-60
14/10/2022;50.18;2220PC-034119E;60-70
11/10/2022;99.29;2220PC-03411C;51-60
10/10/2022;51.25;2220PC-03411E;70-80
10/10/2022;53.38;2220PC-03411E;80-100
10/10/2022;51.25;2220PC-03411E;70-80
17/10/2022;74.74;2220PC-034120C;61-70
15/10/2022;99.29;2220PC-034121E;40-50
15/10/2022;53.38;2220PC-034121E;50-60
15/10/2022;50.18;2220PC-034121E;50-60
16/10/2022;74.74;2220PC-034122E;80-100
18/10/2022;96.09;2220PC-034123C;51-60
16/10/2022;53.38;2220PC-034123E;70-80
16/10/2022;50.18;2220PC-034123E;70-80
16/10/2022;50.18;2220PC-034123E;70-80
11/10/2022;53.38;2220PC-03412E;60-70
11/10/2022;58.72;2220PC-03412E;50-60
10/10/2022;50.18;2220PC-03412E;50-60
11/10/2022;96.09;2220PC-03412E;50-60
10/10/2022;50.18;2220PC-03412E;50-60
12/10/2022;56.59;2220PC-03413C;61-70
10/10/2022;50.18;2220PC-03413E;50-60
10/10/2022;52.32;2220PC-03413E;50-60
10/10/2022;74.74;2220PC-03413E;60-70
10/10/2022;50.18;2220PC-03414E;50-60
10/10/2022;50.18;2220PC-03414E;70-80
10/10/2022;96.09;2220PC-03414E;60-70
10/10/2022;64.06;2220PC-03415E;70-80
10/10/2022;50.18;2220PC-03415E;70-80
10/10/2022;54.45;2220PC-03415E;60-70
11/10/2022;50.18;2220PC-03416E;60-70
11/10/2022;50.18;2220PC-03416E;60-70
11/10/2022;74.74;2220PC-03416E;60-70
11/10/2022;74.74;2220PC-03417E;60-70
11/10/2022;50.18;2220PC-03417E;60-70
11/10/2022;56.59;2220PC-03417E;60-70
11/10/2022;50.18;2220PC-03417E;60-70
11/10/2022;50.18;2220PC-03418E;40-50
11/10/2022;52.32;2220PC-03418E;50-60
11/10/2022;50.18;2220PC-03418E;40-50
12/10/2022;51.25;2220PC-03419E;40-50
12/10/2022;50.18;2220PC-03419E;40-50
11/10/2022;53.38;2220PC-03419E;50-60
11/10/2022;99.29;2220PC-03419E;40-50
14/10/2022;50.18;2220PC-03931E;70-80
14/10/2022;69.4;2220PC-03931E;60-70
19/10/2022;69.4;2220PC-03932C;61-70
17/10/2022;50.18;2220PC-03933E;40-50
12/10/2022;99.29;2220PC-04101C;51-60
11/10/2022;99.29;2220PC-04101E;60-70
11/10/2022;50.18;2220PC-04101E;40-50
11/10/2022;53.38;2220PC-04101E;40-50
13/10/2022;69.4;2220PC-04102E;70-80
16/10/2022;52.32;2220PC-04103E;50-60
19/10/2022;50.18;2220PC-04104E;80-100
19/10/2022;50.18;2220PC-04104E;80-100
21/10/2022;50.18;2220PC-04105E;60-70
21/10/2022;53.38;2220PC-04105E;60-70
13/10/2022;50.18;2220PC-04261E;60-70
13/10/2022;53.38;2220PC-04262E;70-80
14/10/2022;53.38;2220PC-04263E;70-80
16/10/2022;51.25;2220PC-04264E;60-70
16/10/2022;53.38;2220PC-04264E;60-70
16/10/2022;54.45;2220PC-04264E;60-70
11/10/2022;8.54;2220PC-04461C;31-35
13/10/2022;9.61;2220PC-04462C;36-40
15/10/2022;9.61;2220PC-04463C;41-50
19/10/2022;9.61;2220PC-04464C;61-70
20/10/2022;50.18;2220PC-04465E;60-70
20/10/2022;53.38;2220PC-04465E;50-60
19/10/2022;64.06;2220PC-04465E;60-70
21/10/2022;9.61;2220PC-04466C;41-50
16/10/2022;50.18;2220PC-04761E;50-60
17/10/2022;74.74;2220PC-04762E;80-100
21/10/2022;99.29;2220PC-04763C;61-70
20/10/2022;50.18;2220PC-04763E;80-100
20/10/2022;99.29;2220PC-04763E;80-100
17/10/2022;50.18;2220PC-048411E;40-50
16/10/2022;99.29;2220PC-048411E;50-60
18/10/2022;64.06;2220PC-048412E;50-60
18/10/2022;50.18;2220PC-048412E;50-60
18/10/2022;96.09;2220PC-048412E;50-60
18/10/2022;53.38;2220PC-048412E;50-60
19/10/2022;50.18;2220PC-048413E;80-100
19/10/2022;50.18;2220PC-048413E;70-80
19/10/2022;52.32;2220PC-048413E;70-80
19/10/2022;53.38;2220PC-048413E;80-100
19/10/2022;50.18;2220PC-048413E;70-80
21/10/2022;85.41;2220PC-048416C;31-35
15/10/2022;80.08;2220PC-04842C;61-70
12/10/2022;50.18;2220PC-04842E;80-100
12/10/2022;53.38;2220PC-04842E;80-100
12/10/2022;53.38;2220PC-04842E;80-100
12/10/2022;50.18;2220PC-04843E;60-70
13/10/2022;50.18;2220PC-04843E;70-80
17/10/2022;58.72;2220PC-04844C;61-70
13/10/2022;51.25;2220PC-04844E;60-70
13/10/2022;54.45;2220PC-04844E;60-70
13/10/2022;53.38;2220PC-04845E;60-70
13/10/2022;50.18;2220PC-04845E;60-70
13/10/2022;50.18;2220PC-04846E;60-70
13/10/2022;50.18;2220PC-04847E;60-70
15/10/2022;69.4;2220PC-04848E;70-80
17/10/2022;53.38;2220PC-058111E;50-60
17/10/2022;50.18;2220PC-058111E;50-60
17/10/2022;50.18;2220PC-058111E;50-60
17/10/2022;50.18;2220PC-058111E;50-60
10/10/2022;99.29;2220PC-05811C;51-60
10/10/2022;64.06;2220PC-05811E;70-80
11/10/2022;64.06;2220PC-05812C;61-70
10/10/2022;85.41;2220PC-05812E;100-120
10/10/2022;51.25;2220PC-05813E;80-100
10/10/2022;50.18;2220PC-05813E;80-100
10/10/2022;85.41;2220PC-05814E;80-100
11/10/2022;53.38;2220PC-05815E;50-60
11/10/2022;51.25;2220PC-05815E;40-50
11/10/2022;50.18;2220PC-05815E;50-60
12/10/2022;50.18;2220PC-05816E;40-50
12/10/2022;50.18;2220PC-05816E;50-60
14/10/2022;51.25;2220PC-05817E;70-80
14/10/2022;50.18;2220PC-05817E;70-80
14/10/2022;56.59;2220PC-05818E;80-100
14/10/2022;53.38;2220PC-05818E;80-100
14/10/2022;52.32;2220PC-06011E;50-60
14/10/2022;50.18;2220PC-06011E;50-60
14/10/2022;51.25;2220PC-06011E;60-70
15/10/2022;50.18;2220PC-06011E;60-70
14/10/2022;59.79;2220PC-06011E;60-70
15/10/2022;50.18;2220PC-06012E;40-50
17/10/2022;64.06;2220PC-06053C;61-70
20/10/2022;50.18;2220PC-06055E;50-60
20/10/2022;52.32;2220PC-06055E;50-60
20/10/2022;50.18;2220PC-06055E;50-60
20/10/2022;52.32;2220PC-06055E;50-60
20/10/2022;50.18;2220PC-06055E;50-60
20/10/2022;50.18;2220PC-06055E;50-60
20/10/2022;51.25;2220PC-06055E;50-60
20/10/2022;50.18;2220PC-06055E;50-60
20/10/2022;50.18;2220PC-06056E;50-60
13/10/2022;50.18;2220PC-06311E;50-60
17/10/2022;99.29;2220PC-06312C;51-60
15/10/2022;72.6;2220PC-06312E;50-60
15/10/2022;74.74;2220PC-06312E;60-70
15/10/2022;50.18;2220PC-06312E;60-70
15/10/2022;99.29;2220PC-06312E;60-70
15/10/2022;53.38;2220PC-06312E;60-70
17/10/2022;99.29;2220PC-06313C;61-70
16/10/2022;53.38;2220PC-06313E;70-80
16/10/2022;56.59;2220PC-06313E;70-80
16/10/2022;52.32;2220PC-06313E;70-80
16/10/2022;50.18;2220PC-06313E;70-80
19/10/2022;99.29;2220PC-06314C;61-70
20/10/2022;53.38;2220PC-06315C;36-40
18/10/2022;50.18;2220PC-06315E;50-60
13/10/2022;50.18;2220PC-06351E;50-60
13/10/2022;50.18;2220PC-06351E;50-60
17/10/2022;51.25;2220PC-06353E;50-60
17/10/2022;50.18;2220PC-06353E;50-60
17/10/2022;99.29;2220PC-06354E;60-70
18/10/2022;53.38;2220PC-06355E;50-60
11/10/2022;8.54;2220PC-08161C;41-50
11/10/2022;69.4;2220PC-08371E;70-80
12/10/2022;85.41;2220PC-08371E;80-100
14/10/2022;66.2;2220PC-08372E;70-80
14/10/2022;50.18;2220PC-08373E;50-60
14/10/2022;53.38;2220PC-08373E;60-70
18/10/2022;50.18;2220PC-08374E;70-80
11/10/2022;50.18;2220PC-08401E;60-70
11/10/2022;50.18;2220PC-08401E;40-50
11/10/2022;50.18;2220PC-08401E;40-50
11/10/2022;50.18;2220PC-08402E;70-80
11/10/2022;53.38;2220PC-08402E;70-80
14/10/2022;99.29;2220PC-08404E;50-60
14/10/2022;50.18;2220PC-08404E;50-60
14/10/2022;50.18;2220PC-08405E;50-60
18/10/2022;50.18;2220PC-08406E;50-60
18/10/2022;50.18;2220PC-08406E;40-50
18/10/2022;50.18;2220PC-08406E;40-50
19/10/2022;50.18;2220PC-08407E;50-60
20/10/2022;72.6;2220PC-08407E;50-60
19/10/2022;50.18;2220PC-08407E;50-60
19/10/2022;53.38;2220PC-08407E;50-60
14/10/2022;69.4;2220PC-09011C;61-70
15/10/2022;50.18;2220PC-09012E;70-80
16/10/2022;50.18;2220PC-09012E;80-100
15/10/2022;99.29;2220PC-09012E;80-100
21/10/2022;53.38;2220PC-09013C;61-70
18/10/2022;8.54;2220PC-09021C;41-50
11/10/2022;58.72;2220PC-09051E;60-70
11/10/2022;51.25;2220PC-09051E;50-60
17/10/2022;59.79;2220PC-09052C;51-60
18/10/2022;59.79;2220PC-09053C;61-70
12/10/2022;9.61;2220PC-09091C;51-60
14/10/2022;50.18;2220PC-09092E;80-100
14/10/2022;50.18;2220PC-09092E;80-100
14/10/2022;58.72;2220PC-09092E;80-100
14/10/2022;58.72;2220PC-09591C;61-70
12/10/2022;74.74;2220PC-09591E;80-100
12/10/2022;74.74;2220PC-09592E;80-100
14/10/2022;50.18;2220PC-09593E;70-80
17/10/2022;74.74;2220PC-09594C;51-60
19/10/2022;74.74;2220PC-09595E;100-120
19/10/2022;66.2;2220PC-09595E;80-100
18/10/2022;53.38;2220PC-09595E;40-50
21/10/2022;50.18;2220PC-09596E;80-100
21/10/2022;53.38;2220PC-09596E;80-100
11/10/2022;50.18;2220PC-09911E;60-70
12/10/2022;85.41;2220PC-09914E;80-100
14/10/2022;61.92;2220PC-09915C;51-60
13/10/2022;50.18;2220PC-09916E;80-100
13/10/2022;53.38;2220PC-09916E;80-100
11/10/2022;106.77;2220PC-100010C;BR. SMALL
11/10/2022;149.47;2220PC-100011C;BR. SMALL
12/10/2022;90.75;2220PC-100022C;BR. SMALL
12/10/2022;99.29;2220PC-100022C;BR. SMALL
12/10/2022;128.12;2220PC-100023C;BR. SMALL
12/10/2022;53.38;2220PC-100023C;BR. SMALL
12/10/2022;101.43;2220PC-100023C;BR. SMALL
13/10/2022;64.06;2220PC-100024C;71-90
13/10/2022;117.44;2220PC-100025C;61-70
13/10/2022;106.77;2220PC-100026C;BR. SMALL
13/10/2022;132.39;2220PC-100029C;71-90
13/10/2022;142;2220PC-100030C;BR. SMALL
13/10/2022;80.08;2220PC-100031C;BR. SMALL
13/10/2022;85.41;2220PC-100032C;BR. SMALL
14/10/2022;69.4;2220PC-100034C;BR. SMALL
14/10/2022;149.47;2220PC-100036C;71-90
14/10/2022;61.92;2220PC-100037C;BR. SMALL
14/10/2022;196.45;2220PC-100037C;BR. SMALL
14/10/2022;122.78;2220PC-100038C;61-70
15/10/2022;149.47;2220PC-100041C;BR. SMALL
15/10/2022;179.37;2220PC-100042C;BR. SMALL
15/10/2022;124.92;2220PC-100043C;BR. SMALL
15/10/2022;58.72;2220PC-100044C;BR. SMALL
15/10/2022;167.62;2220PC-100045C;61-70
15/10/2022;132.39;2220PC-100046C;BR. SMALL
16/10/2022;99.29;2220PC-100047C;71-90
18/10/2022;99.29;2220PC-100062C;BR. SMALL
18/10/2022;96.09;2220PC-100063C;BR. SMALL
18/10/2022;96.09;2220PC-100063C;BR. SMALL
21/10/2022;64.06;2220PC-100081C;71-90
21/10/2022;85.41;2220PC-100081C;71-90
21/10/2022;149.47;2220PC-100082C;71-90
22/10/2022;192.18;2220PC-100086C;71-90
15/10/2022;85.41;2220PC-10661C;51-60
13/10/2022;41.64;2220PC-10661E;70-80
13/10/2022;53.38;2220PC-10661E;60-70
13/10/2022;64.06;2220PC-10661E;70-80
13/10/2022;53.38;2220PC-10662E;70-80
13/10/2022;74.74;2220PC-10662E;80-100
16/10/2022;53.38;2220PC-111710E;60-70
15/10/2022;50.18;2220PC-111710E;60-70
16/10/2022;80.08;2220PC-111711E;60-70
16/10/2022;50.18;2220PC-111711E;50-60
15/10/2022;53.38;2220PC-111711E;60-70
16/10/2022;58.72;2220PC-111713E;60-70
16/10/2022;60.86;2220PC-111713E;60-70
16/10/2022;53.38;2220PC-111713E;60-70
16/10/2022;50.18;2220PC-111713E;60-70
16/10/2022;83.28;2220PC-111715E;70-80
18/10/2022;50.18;2220PC-111716E;50-60
17/10/2022;50.18;2220PC-111716E;50-60
17/10/2022;53.38;2220PC-111716E;50-60
17/10/2022;50.18;2220PC-111716E;50-60
18/10/2022;50.18;2220PC-111717E;50-60
18/10/2022;50.18;2220PC-111717E;50-60
19/10/2022;50.18;2220PC-111717E;60-70
19/10/2022;50.18;2220PC-111718E;60-70
12/10/2022;57.65;2220PC-11171C;61-70
20/10/2022;50.18;2220PC-111720E;80-100
20/10/2022;68.33;2220PC-111721E;70-80
20/10/2022;53.38;2220PC-111721E;70-80
21/10/2022;90.75;2220PC-111722E;50-60
11/10/2022;96.09;2220PC-11173C;51-60
10/10/2022;96.09;2220PC-11173E;60-70
10/10/2022;74.74;2220PC-11173E;50-60
10/10/2022;64.06;2220PC-11173E;60-70
10/10/2022;50.18;2220PC-11173E;60-70
10/10/2022;82.21;2220PC-11173E;60-70
13/10/2022;99.29;2220PC-11174C;61-70
12/10/2022;50.18;2220PC-11174E;70-80
12/10/2022;50.18;2220PC-11174E;70-80
12/10/2022;50.18;2220PC-11174E;70-80
12/10/2022;50.18;2220PC-11174E;70-80
12/10/2022;53.38;2220PC-11174E;80-100
13/10/2022;53.38;2220PC-11175E;60-70
14/10/2022;99.29;2220PC-11176E;60-70
14/10/2022;66.2;2220PC-11177E;70-80
15/10/2022;50.18;2220PC-11178E;60-70
15/10/2022;50.18;2220PC-11179E;60-70
15/10/2022;50.18;2220PC-11179E;80-100
11/10/2022;77.94;2220PC-14241E;80-100
11/10/2022;52.32;2220PC-14241E;80-100
14/10/2022;50.18;2220PC-15091E;60-70
16/10/2022;64.06;2220PC-15092E;70-80
16/10/2022;66.2;2220PC-15092E;80-100
16/10/2022;80.08;2220PC-15092E;80-100
17/10/2022;74.74;2220PC-15092E;100-120
19/10/2022;50.18;2220PC-15093E;70-80
18/10/2022;64.06;2220PC-15093E;60-70
14/10/2022;68.33;2220PC-167010E;70-80
15/10/2022;50.18;2220PC-167010E;60-70
14/10/2022;54.45;2220PC-167010E;70-80
17/10/2022;90.75;2220PC-167011C;61-70
17/10/2022;58.72;2220PC-167011C;61-70
16/10/2022;74.74;2220PC-167013E;70-80
17/10/2022;50.18;2220PC-167014E;60-70
16/10/2022;64.06;2220PC-167014E;70-80
16/10/2022;53.38;2220PC-167014E;80-100
16/10/2022;53.38;2220PC-167014E;70-80
16/10/2022;50.18;2220PC-167014E;70-80
16/10/2022;59.79;2220PC-167014E;70-80
18/10/2022;53.38;2220PC-167015E;70-80
18/10/2022;96.09;2220PC-167015E;60-70
21/10/2022;87.55;2220PC-167016C;61-70
20/10/2022;50.18;2220PC-167016E;70-80
21/10/2022;69.4;2220PC-167016E;80-100
20/10/2022;96.09;2220PC-167016E;80-100
20/10/2022;53.38;2220PC-167016E;80-100
20/10/2022;53.38;2220PC-167016E;80-100
10/10/2022;50.18;2220PC-16701E;70-80
10/10/2022;52.32;2220PC-16701E;60-70
10/10/2022;50.18;2220PC-16701E;60-70
10/10/2022;50.18;2220PC-16701E;60-70
10/10/2022;62.99;2220PC-16701E;60-70
10/10/2022;50.18;2220PC-16701E;60-70
10/10/2022;50.18;2220PC-16701E;60-70
10/10/2022;50.18;2220PC-16701E;70-80
10/10/2022;50.18;2220PC-16701E;60-70
10/10/2022;50.18;2220PC-16702C;61-70
11/10/2022;50.18;2220PC-16703E;60-70
11/10/2022;50.18;2220PC-16703E;60-70
12/10/2022;62.99;2220PC-16704E;50-60
11/10/2022;50.18;2220PC-16704E;40-50
12/10/2022;64.06;2220PC-16705E;80-100
12/10/2022;56.59;2220PC-16705E;70-80
13/10/2022;53.38;2220PC-16705E;60-70
12/10/2022;50.18;2220PC-16705E;70-80
12/10/2022;50.18;2220PC-16705E;70-80
13/10/2022;50.18;2220PC-16706E;40-50
13/10/2022;52.32;2220PC-16706E;50-60
13/10/2022;50.18;2220PC-16706E;50-60
15/10/2022;81.14;2220PC-16707C;51-60
13/10/2022;53.38;2220PC-16707E;70-80
13/10/2022;50.18;2220PC-16707E;70-80
13/10/2022;50.18;2220PC-16707E;70-80
13/10/2022;50.18;2220PC-16707E;70-80
14/10/2022;50.18;2220PC-16708E;70-80
14/10/2022;55.52;2220PC-16708E;70-80
14/10/2022;53.38;2220PC-16708E;70-80
14/10/2022;58.72;2220PC-16709E;60-70
14/10/2022;53.38;2220PC-16709E;60-70
11/10/2022;50.18;2220PC-17293E;60-70
11/10/2022;42.71;2220PC-17293E;60-70
11/10/2022;69.4;2220PC-17293E;70-80
11/10/2022;53.38;2220PC-17293E;70-80
14/10/2022;50.18;2220PC-17294E;70-80
20/10/2022;50.18;2220PC-17296C;36-40
20/10/2022;58.72;2220PC-17299C;31-35
16/10/2022;96.09;2220PC-18771E;40-50
18/10/2022;80.08;2220PC-60012C;71-90
18/10/2022;53.38;2220PC-60013C;61-70
18/10/2022;53.38;2220PC-60014C;71-90
18/10/2022;64.06;2220PC-60015C;BR. SMALL
19/10/2022;96.09;2220PC-60016C;71-90
19/10/2022;99.29;2220PC-60017C;71-90
11/10/2022;64.06;2220PC-6003C;BR. SMALL
13/10/2022;60.86;2220PC-6005C;BR. SMALL
14/10/2022;70.47;2220PC-6006C;BR. SMALL
15/10/2022;99.29;2220PC-6007C;BR. SMALL
15/10/2022;71.53;2220PC-6008C;71-90
16/10/2022;53.38;2220PC-6009C;BR. SMALL
20/10/2022;7.47;2220PC-70010C;36-40
23/10/2022;8.54;2220PC-70013C;BR. SMALL
23/10/2022;8.54;2220PC-70014C;BR. SMALL
23/10/2022;8.54;2220PC-70015C;BR. SMALL
23/10/2022;8.54;2220PC-7001C;BR. SMALL
10/10/2022;9.61;2220PC-7001C;BR. SMALL
23/10/2022;8.54;2220PC-7002C;BR. SMALL
23/10/2022;8.54;2220PC-7002C;BR. SMALL
10/10/2022;8.54;2220PC-7002C;BR. SMALL
13/10/2022;9.61;2220PC-7003C;BR. SMALL
12/10/2022;9.61;2220PC-7004C;BR. SMALL
13/10/2022;8.54;2220PC-7005C;36-40
15/10/2022;8.54;2220PC-7006C;BR. SMALL
16/10/2022;8.54;2220PC-7007C;BR. SMALL
16/10/2022;7.47;2220PC-7008C;41-50
20/10/2022;9.61;2220PC-7009C;BR. SMALL
12/10/2022;74.74;2220PC-800113E;70-80
11/10/2022;53.38;2220PC-80011E;71-90
12/10/2022;58.72;2220PC-80012E;61-70
10/10/2022;80.08;2220PC-80021C;31-35
20/10/2022;50.18;2220PC-80021C;31-35
21/10/2022;52.32;2220PC-80022C;71-90
22/10/2022;64.06;2220PC-80023C;31-35
22/10/2022;58.72;2220PC-80025C;31-35
20/10/2022;9.61;2220PC-900110C;61-70
10/10/2022;90.75;2220PC-90011C;61-70
09/10/2022;50.18;2220PC-90011E;80-100
09/10/2022;66.2;2220PC-90011E;80-100
09/10/2022;50.18;2220PC-90011E;70-80
12/10/2022;59.79;2220PC-90012C;61-70
10/10/2022;50.18;2220PC-90012E;60-70
10/10/2022;53.38;2220PC-90012E;60-70
10/10/2022;53.38;2220PC-90012E;60-70
13/10/2022;57.65;2220PC-90013C;61-70
11/10/2022;58.72;2220PC-90014E;50-60
11/10/2022;50.18;2220PC-90014E;50-60
14/10/2022;74.74;2220PC-90015C;61-70
12/10/2022;58.72;2220PC-90015E;80-100
14/10/2022;51.25;2220PC-90016E;70-80
14/10/2022;53.38;2220PC-90016E;70-80
18/10/2022;64.06;2220PC-90017C;61-70
18/10/2022;57.65;2220PC-90017C;61-70
15/10/2022;50.18;2220PC-90017E;60-70
15/10/2022;50.18;2220PC-90017E;60-70
15/10/2022;50.18;2220PC-90017E;60-70
15/10/2022;50.18;2220PC-90017E;60-70
16/10/2022;53.38;2220PC-90018E;60-70
19/10/2022;9.61;2220PC-90019C;26-30
18/10/2022;9.61;2220PC-90019C;31-35
19/10/2022;80.08;2220PC-9503C;26-30
20/10/2022;53.38;2220PC-9504C;26-30
13/10/2022;9.61;2220PC-95210C;BR. SMALL
14/10/2022;9.61;2220PC-95211C;BR. SMALL
15/10/2022;9.61;2220PC-95212C;BR. SMALL
15/10/2022;9.61;2220PC-95213C;BR. SMALL
16/10/2022;8.54;2220PC-95214C;BR. SMALL
16/10/2022;8.54;2220PC-95215C;BR. SMALL
16/10/2022;9.61;2220PC-95216C;BR. SMALL
18/10/2022;9.61;2220PC-95217C;BR. SMALL
18/10/2022;8.54;2220PC-95218C;BR. SMALL
19/10/2022;8.54;2220PC-95219C;BR. SMALL
20/10/2022;7.47;2220PC-95219C;BR. SMALL
20/10/2022;9.61;2220PC-95220C;BR. SMALL
20/10/2022;8.54;2220PC-95221C;51-60
20/10/2022;7.47;2220PC-95222C;61-70
22/10/2022;9.61;2220PC-95224C;51-60
22/10/2022;8.54;2220PC-95225C;51-60
22/10/2022;9.61;2220PC-95226C;61-70
22/10/2022;8.54;2220PC-95227C;BR. SMALL
22/10/2022;8.54;2220PC-95228C;51-60
22/10/2022;9.61;2220PC-95229C;61-70
22/10/2022;8.54;2220PC-9522C;BR. SMALL
22/10/2022;9.61;2220PC-95230C;51-60
10/10/2022;8.54;2220PC-9523C;BR. SMALL
11/10/2022;7.47;2220PC-9524C;BR. SMALL
11/10/2022;9.61;2220PC-9525C;BR. SMALL
13/10/2022;9.61;2220PC-9526C;BR. SMALL
13/10/2022;8.54;2220PC-9527C;BR. SMALL
13/10/2022;9.61;2220PC-9528C;BR. SMALL
13/10/2022;7.47;2220PC-9529C;BR. SMALL
